Core, 0
Cumulative Cycles, 418884412           
Cumulative Instructions, 30361145            
Cumulative IPC, 0.07248
Periodic Cycles, 317135813           
Periodic Instructions, 15361145            
Periodic IPC, 0.04844

MISS_WAIT_TIME_count, 673987899505035
MISS_WAIT_TIME_total_count, 717700563044390

ICACHE_STAGE_MISS_count,       3729503
ICACHE_STAGE_MISS_total_count,       4890842

ICACHE_CYCLE_count,     317135813
ICACHE_CYCLE_total_count,     418884412

TCACHE_CYCLE_count,             0
TCACHE_CYCLE_total_count,             0

ICACHE_CYCLE_ONPATH_count,     261513719
ICACHE_CYCLE_ONPATH_pct,       82.461
ICACHE_CYCLE_ONPATH_total_count,     341414426
ICACHE_CYCLE_ONPATH_total_pct,       81.506

ICACHE_CYCLE_OFFPATH_count,      55622094
ICACHE_CYCLE_OFFPATH_pct,       17.539
ICACHE_CYCLE_OFFPATH_total_count,      77469986
ICACHE_CYCLE_OFFPATH_total_pct,       18.494
ICACHE_CYCLE_OFFPATH_sum_count,     317135813
ICACHE_CYCLE_OFFPATH_sum_pct,      100.000
ICACHE_CYCLE_OFFPATH_sum_total_count,     418884412
ICACHE_CYCLE_OFFPATH_sum_total_pct,      100.000
ICACHE_CYCLE_OFFPATH_mean,         0.18
ICACHE_CYCLE_OFFPATH_stddev,         0.35
ICACHE_CYCLE_OFFPATH_total_mean,         0.18
ICACHE_CYCLE_OFFPATH_total_stddev,         0.36

FETCH_ON_PATH_count,     263345284
FETCH_ON_PATH_pct,       83.436
FETCH_ON_PATH_total_count,     343681441
FETCH_ON_PATH_total_pct,       82.611

FETCH_OFF_PATH_count,      52278447
FETCH_OFF_PATH_pct,       16.564
FETCH_OFF_PATH_total_count,      72342255
FETCH_OFF_PATH_total_pct,       17.389
FETCH_OFF_PATH_sum_count,     315623731
FETCH_OFF_PATH_sum_pct,      100.000
FETCH_OFF_PATH_sum_total_count,     416023696
FETCH_OFF_PATH_sum_total_pct,      100.000
FETCH_OFF_PATH_mean,         0.17
FETCH_OFF_PATH_stddev,         0.35
FETCH_OFF_PATH_total_mean,         0.17
FETCH_OFF_PATH_total_stddev,         0.35

FETCHED_OPS_ON_PATH_count,             0
FETCHED_OPS_ON_PATH_pct,         -nan
FETCHED_OPS_ON_PATH_total_count,             0
FETCHED_OPS_ON_PATH_total_pct,         -nan

FETCHED_OPS_OFF_PATH_count,             0
FETCHED_OPS_OFF_PATH_pct,         -nan
FETCHED_OPS_OFF_PATH_total_count,             0
FETCHED_OPS_OFF_PATH_total_pct,         -nan
FETCHED_OPS_OFF_PATH_sum_count,             0
FETCHED_OPS_OFF_PATH_sum_pct,         -nan
FETCHED_OPS_OFF_PATH_sum_total_count,             0
FETCHED_OPS_OFF_PATH_sum_total_pct,         -nan
FETCHED_OPS_OFF_PATH_mean,         -nan
FETCHED_OPS_OFF_PATH_stddev,         -nan
FETCHED_OPS_OFF_PATH_total_mean,         -nan
FETCHED_OPS_OFF_PATH_total_stddev,         -nan

INST_LOST_FETCH_count,      16425379
INST_LOST_FETCH_pct,        1.036
INST_LOST_FETCH_total_count,      35045103
INST_LOST_FETCH_total_pct,        1.673

INST_LOST_OFF_PATH_count,      93934618
INST_LOST_OFF_PATH_pct,        5.924
INST_LOST_OFF_PATH_total_count,     138398488
INST_LOST_OFF_PATH_total_pct,        6.608

INST_LOST_FULL_WINDOW_count,             0
INST_LOST_FULL_WINDOW_pct,        0.000
INST_LOST_FULL_WINDOW_total_count,             0
INST_LOST_FULL_WINDOW_total_pct,        0.000

INST_LOST_ROB_STALL_OTHER_count,         80190
INST_LOST_ROB_STALL_OTHER_pct,        0.005
INST_LOST_ROB_STALL_OTHER_total_count,        575740
INST_LOST_ROB_STALL_OTHER_total_pct,        0.027

INST_LOST_ROB_STALL_WAIT_FOR_RECOVERY_count,         73305
INST_LOST_ROB_STALL_WAIT_FOR_RECOVERY_pct,        0.005
INST_LOST_ROB_STALL_WAIT_FOR_RECOVERY_total_count,        120805
INST_LOST_ROB_STALL_WAIT_FOR_RECOVERY_total_pct,        0.006

INST_LOST_ROB_STALL_WAIT_FOR_REDIRECT_count,             0
INST_LOST_ROB_STALL_WAIT_FOR_REDIRECT_pct,        0.000
INST_LOST_ROB_STALL_WAIT_FOR_REDIRECT_total_count,             0
INST_LOST_ROB_STALL_WAIT_FOR_REDIRECT_total_pct,        0.000

INST_LOST_ROB_STALL_WAIT_FOR_GAP_FILL_count,             0
INST_LOST_ROB_STALL_WAIT_FOR_GAP_FILL_pct,        0.000
INST_LOST_ROB_STALL_WAIT_FOR_GAP_FILL_total_count,             0
INST_LOST_ROB_STALL_WAIT_FOR_GAP_FILL_total_pct,        0.000

INST_LOST_ROB_STALL_WAIT_FOR_L1_MISS_count,             0
INST_LOST_ROB_STALL_WAIT_FOR_L1_MISS_pct,        0.000
INST_LOST_ROB_STALL_WAIT_FOR_L1_MISS_total_count,             0
INST_LOST_ROB_STALL_WAIT_FOR_L1_MISS_total_pct,        0.000

INST_LOST_ROB_STALL_WAIT_FOR_MEMORY_count,             0
INST_LOST_ROB_STALL_WAIT_FOR_MEMORY_pct,        0.000
INST_LOST_ROB_STALL_WAIT_FOR_MEMORY_total_count,          7745
INST_LOST_ROB_STALL_WAIT_FOR_MEMORY_total_pct,        0.000

INST_LOST_ROB_STALL_WAIT_FOR_DC_MISS_count,       7406915
INST_LOST_ROB_STALL_WAIT_FOR_DC_MISS_pct,        0.467
INST_LOST_ROB_STALL_WAIT_FOR_DC_MISS_total_count,      13599290
INST_LOST_ROB_STALL_WAIT_FOR_DC_MISS_total_pct,        0.649

INST_LOST_ROB_BLOCK_ISSUE_FULL_count,             0
INST_LOST_ROB_BLOCK_ISSUE_FULL_pct,        0.000
INST_LOST_ROB_BLOCK_ISSUE_FULL_total_count,             0
INST_LOST_ROB_BLOCK_ISSUE_FULL_total_pct,        0.000

INST_LOST_ROB_BLOCK_ISSUE_GAP_TOO_LARGE_count,             0
INST_LOST_ROB_BLOCK_ISSUE_GAP_TOO_LARGE_pct,        0.000
INST_LOST_ROB_BLOCK_ISSUE_GAP_TOO_LARGE_total_count,             0
INST_LOST_ROB_BLOCK_ISSUE_GAP_TOO_LARGE_total_pct,        0.000

INST_LOST_BREAK_DONT_count,             0
INST_LOST_BREAK_DONT_pct,        0.000
INST_LOST_BREAK_DONT_total_count,             0
INST_LOST_BREAK_DONT_total_pct,        0.000

INST_LOST_BREAK_RENAME_count,             0
INST_LOST_BREAK_RENAME_pct,        0.000
INST_LOST_BREAK_RENAME_total_count,             0
INST_LOST_BREAK_RENAME_total_pct,        0.000

INST_LOST_BREAK_FT_UNAVAILABLE_count,           105
INST_LOST_BREAK_FT_UNAVAILABLE_pct,        0.000
INST_LOST_BREAK_FT_UNAVAILABLE_total_count,           105
INST_LOST_BREAK_FT_UNAVAILABLE_total_pct,        0.000

INST_LOST_BREAK_ICACHE_TO_UOP_CACHE_SWITCH_count,             0
INST_LOST_BREAK_ICACHE_TO_UOP_CACHE_SWITCH_pct,        0.000
INST_LOST_BREAK_ICACHE_TO_UOP_CACHE_SWITCH_total_count,             0
INST_LOST_BREAK_ICACHE_TO_UOP_CACHE_SWITCH_total_pct,        0.000

INST_LOST_BREAK_ICACHE_MISS_REQ_SUCCESS_count,      13406618
INST_LOST_BREAK_ICACHE_MISS_REQ_SUCCESS_pct,        0.845
INST_LOST_BREAK_ICACHE_MISS_REQ_SUCCESS_total_count,      17624741
INST_LOST_BREAK_ICACHE_MISS_REQ_SUCCESS_total_pct,        0.842

INST_LOST_BREAK_ICACHE_MISS_REQ_FAILURE_count,        127857
INST_LOST_BREAK_ICACHE_MISS_REQ_FAILURE_pct,        0.008
INST_LOST_BREAK_ICACHE_MISS_REQ_FAILURE_total_count,        151365
INST_LOST_BREAK_ICACHE_MISS_REQ_FAILURE_total_pct,        0.007

INST_LOST_BREAK_WAIT_FOR_MISS_count,    1452778350
INST_LOST_BREAK_WAIT_FOR_MISS_pct,       91.619
INST_LOST_BREAK_WAIT_FOR_MISS_total_count,    1885676190
INST_LOST_BREAK_WAIT_FOR_MISS_total_pct,       90.033

INST_LOST_BREAK_UOP_CACHE_READ_LIMIT_count,             0
INST_LOST_BREAK_UOP_CACHE_READ_LIMIT_pct,        0.000
INST_LOST_BREAK_UOP_CACHE_READ_LIMIT_total_count,             0
INST_LOST_BREAK_UOP_CACHE_READ_LIMIT_total_pct,        0.000

INST_LOST_BREAK_UOP_CACHE_READ_LIMIT_AND_ISSUE_WIDTH_count,             0
INST_LOST_BREAK_UOP_CACHE_READ_LIMIT_AND_ISSUE_WIDTH_pct,        0.000
INST_LOST_BREAK_UOP_CACHE_READ_LIMIT_AND_ISSUE_WIDTH_total_count,             0
INST_LOST_BREAK_UOP_CACHE_READ_LIMIT_AND_ISSUE_WIDTH_total_pct,        0.000

INST_LOST_BREAK_ICACHE_READ_LIMIT_count,       1445726
INST_LOST_BREAK_ICACHE_READ_LIMIT_pct,        0.091
INST_LOST_BREAK_ICACHE_READ_LIMIT_total_count,       3120446
INST_LOST_BREAK_ICACHE_READ_LIMIT_total_pct,        0.149

INST_LOST_BREAK_ICACHE_READ_LIMIT_AND_ISSUE_WIDTH_count,             0
INST_LOST_BREAK_ICACHE_READ_LIMIT_AND_ISSUE_WIDTH_pct,        0.000
INST_LOST_BREAK_ICACHE_READ_LIMIT_AND_ISSUE_WIDTH_total_count,             0
INST_LOST_BREAK_ICACHE_READ_LIMIT_AND_ISSUE_WIDTH_total_pct,        0.000

INST_LOST_BREAK_ISSUE_WIDTH_count,             0
INST_LOST_BREAK_ISSUE_WIDTH_pct,        0.000
INST_LOST_BREAK_ISSUE_WIDTH_total_count,             0
INST_LOST_BREAK_ISSUE_WIDTH_total_pct,        0.000

INST_LOST_BREAK_BARRIERT_count,             0
INST_LOST_BREAK_BARRIERT_pct,        0.000
INST_LOST_BREAK_BARRIERT_total_count,           790
INST_LOST_BREAK_BARRIERT_total_pct,        0.000

INST_LOST_BREAK_WAIT_FOR_EMPTY_ROB_count,             0
INST_LOST_BREAK_WAIT_FOR_EMPTY_ROB_pct,        0.000
INST_LOST_BREAK_WAIT_FOR_EMPTY_ROB_total_count,        101250
INST_LOST_BREAK_WAIT_FOR_EMPTY_ROB_total_pct,        0.005

INST_LOST_BREAK_APP_EXIT_count,             2
INST_LOST_BREAK_APP_EXIT_pct,        0.000
INST_LOST_BREAK_APP_EXIT_total_count,             2
INST_LOST_BREAK_APP_EXIT_total_pct,        0.000

INST_LOST_BREAK_STALL_count,             0
INST_LOST_BREAK_STALL_pct,        0.000
INST_LOST_BREAK_STALL_total_count,             0
INST_LOST_BREAK_STALL_total_pct,        0.000
INST_LOST_BREAK_STALL_sum_count,    1585679065
INST_LOST_BREAK_STALL_sum_pct,      100.000
INST_LOST_BREAK_STALL_sum_total_count,    2094422060
INST_LOST_BREAK_STALL_sum_total_pct,      100.000
INST_LOST_BREAK_STALL_mean,        16.75
INST_LOST_BREAK_STALL_stddev,         4.06
INST_LOST_BREAK_STALL_total_mean,        16.50
INST_LOST_BREAK_STALL_total_stddev,         4.29

INST_LOST_TOTAL_count,    1585679065
INST_LOST_TOTAL_total_count,    2094422060

INST_LOST_WAIT_FOR_ICACHE_MISS_NOT_PREFETCHED_count,      51356340
INST_LOST_WAIT_FOR_ICACHE_MISS_NOT_PREFETCHED_pct,        3.986
INST_LOST_WAIT_FOR_ICACHE_MISS_NOT_PREFETCHED_total_count,      63129425
INST_LOST_WAIT_FOR_ICACHE_MISS_NOT_PREFETCHED_total_pct,        3.787

INST_LOST_WAIT_FOR_ICACHE_MISS_PREFETCHED_AND_EVICTED_BY_IFETCH_count,             0
INST_LOST_WAIT_FOR_ICACHE_MISS_PREFETCHED_AND_EVICTED_BY_IFETCH_pct,        0.000
INST_LOST_WAIT_FOR_ICACHE_MISS_PREFETCHED_AND_EVICTED_BY_IFETCH_total_count,             0
INST_LOST_WAIT_FOR_ICACHE_MISS_PREFETCHED_AND_EVICTED_BY_IFETCH_total_pct,        0.000

INST_LOST_WAIT_FOR_ICACHE_MISS_PREFETCHED_AND_EVICTED_BY_FDIP_count,             0
INST_LOST_WAIT_FOR_ICACHE_MISS_PREFETCHED_AND_EVICTED_BY_FDIP_pct,        0.000
INST_LOST_WAIT_FOR_ICACHE_MISS_PREFETCHED_AND_EVICTED_BY_FDIP_total_count,             0
INST_LOST_WAIT_FOR_ICACHE_MISS_PREFETCHED_AND_EVICTED_BY_FDIP_total_pct,        0.000

INST_LOST_WAIT_FOR_ICACHE_MISS_MSHR_HIT_PREF_OFFPATH_count,        657385
INST_LOST_WAIT_FOR_ICACHE_MISS_MSHR_HIT_PREF_OFFPATH_pct,        0.051
INST_LOST_WAIT_FOR_ICACHE_MISS_MSHR_HIT_PREF_OFFPATH_total_count,        861300
INST_LOST_WAIT_FOR_ICACHE_MISS_MSHR_HIT_PREF_OFFPATH_total_pct,        0.052

INST_LOST_WAIT_FOR_ICACHE_MISS_MSHR_HIT_PREF_ONPATH_count,    1236270695
INST_LOST_WAIT_FOR_ICACHE_MISS_MSHR_HIT_PREF_ONPATH_pct,       95.963
INST_LOST_WAIT_FOR_ICACHE_MISS_MSHR_HIT_PREF_ONPATH_total_count,    1602812805
INST_LOST_WAIT_FOR_ICACHE_MISS_MSHR_HIT_PREF_ONPATH_total_pct,       96.161
INST_LOST_WAIT_FOR_ICACHE_MISS_MSHR_HIT_PREF_ONPATH_sum_count,    1288284420
INST_LOST_WAIT_FOR_ICACHE_MISS_MSHR_HIT_PREF_ONPATH_sum_pct,      100.000
INST_LOST_WAIT_FOR_ICACHE_MISS_MSHR_HIT_PREF_ONPATH_sum_total_count,    1666803530
INST_LOST_WAIT_FOR_ICACHE_MISS_MSHR_HIT_PREF_ONPATH_sum_total_pct,      100.000
INST_LOST_WAIT_FOR_ICACHE_MISS_MSHR_HIT_PREF_ONPATH_mean,         3.84
INST_LOST_WAIT_FOR_ICACHE_MISS_MSHR_HIT_PREF_ONPATH_stddev,         3.77
INST_LOST_WAIT_FOR_ICACHE_MISS_MSHR_HIT_PREF_ONPATH_total_mean,         3.85
INST_LOST_WAIT_FOR_ICACHE_MISS_MSHR_HIT_PREF_ONPATH_total_stddev,         3.78

FETCH_0_OPS_count,     588004168
FETCH_0_OPS_pct,       96.166
FETCH_0_OPS_total_count,     764200415
FETCH_0_OPS_total_pct,       95.410

FETCH_1_OPS_count,        632519
FETCH_1_OPS_pct,        0.103
FETCH_1_OPS_total_count,        902343
FETCH_1_OPS_total_pct,        0.113

FETCH_2_OPS_count,        631395
FETCH_2_OPS_pct,        0.103
FETCH_2_OPS_total_count,        935773
FETCH_2_OPS_total_pct,        0.117

FETCH_3_OPS_count,        812694
FETCH_3_OPS_pct,        0.133
FETCH_3_OPS_total_count,       1189213
FETCH_3_OPS_total_pct,        0.148

FETCH_4_OPS_count,        803114
FETCH_4_OPS_pct,        0.131
FETCH_4_OPS_total_count,       1565242
FETCH_4_OPS_total_pct,        0.195

FETCH_5_OPS_count,      20562830
FETCH_5_OPS_pct,        3.363
FETCH_5_OPS_total_count,      32168219
FETCH_5_OPS_total_pct,        4.016

FETCH_6_OPS_count,             0
FETCH_6_OPS_pct,        0.000
FETCH_6_OPS_total_count,             0
FETCH_6_OPS_total_pct,        0.000

FETCH_7_OPS_count,             0
FETCH_7_OPS_pct,        0.000
FETCH_7_OPS_total_count,             0
FETCH_7_OPS_total_pct,        0.000

FETCH_8_OPS_count,             0
FETCH_8_OPS_pct,        0.000
FETCH_8_OPS_total_count,             0
FETCH_8_OPS_total_pct,        0.000

FETCH_9_OPS_count,             0
FETCH_9_OPS_pct,        0.000
FETCH_9_OPS_total_count,             0
FETCH_9_OPS_total_pct,        0.000

FETCH_10_OPS_count,             0
FETCH_10_OPS_pct,        0.000
FETCH_10_OPS_total_count,             0
FETCH_10_OPS_total_pct,        0.000

FETCH_11_OPS_count,             0
FETCH_11_OPS_pct,        0.000
FETCH_11_OPS_total_count,             0
FETCH_11_OPS_total_pct,        0.000

FETCH_12_OPS_count,             0
FETCH_12_OPS_pct,        0.000
FETCH_12_OPS_total_count,             0
FETCH_12_OPS_total_pct,        0.000

FETCH_13_OPS_count,             0
FETCH_13_OPS_pct,        0.000
FETCH_13_OPS_total_count,             0
FETCH_13_OPS_total_pct,        0.000

FETCH_14_OPS_count,             0
FETCH_14_OPS_pct,        0.000
FETCH_14_OPS_total_count,             0
FETCH_14_OPS_total_pct,        0.000

FETCH_15_OPS_count,             0
FETCH_15_OPS_pct,        0.000
FETCH_15_OPS_total_count,             0
FETCH_15_OPS_total_pct,        0.000

FETCH_16_OPS_count,             0
FETCH_16_OPS_pct,        0.000
FETCH_16_OPS_total_count,             0
FETCH_16_OPS_total_pct,        0.000
FETCH_16_OPS_sum_count,     611446720
FETCH_16_OPS_sum_pct,      100.000
FETCH_16_OPS_sum_total_count,     800961205
FETCH_16_OPS_sum_total_pct,      100.000
FETCH_16_OPS_mean,         0.18
FETCH_16_OPS_stddev,         0.90
FETCH_16_OPS_total_mean,         0.22
FETCH_16_OPS_total_stddev,         0.98

ST_BREAK_DONT_count,             0
ST_BREAK_DONT_pct,        0.000
ST_BREAK_DONT_total_count,             0
ST_BREAK_DONT_total_pct,        0.000

ST_BREAK_RENAME_count,             0
ST_BREAK_RENAME_pct,        0.000
ST_BREAK_RENAME_total_count,             0
ST_BREAK_RENAME_total_pct,        0.000

ST_BREAK_FT_UNAVAILABLE_count,            21
ST_BREAK_FT_UNAVAILABLE_pct,        0.000
ST_BREAK_FT_UNAVAILABLE_total_count,            21
ST_BREAK_FT_UNAVAILABLE_total_pct,        0.000

ST_BREAK_ICACHE_TO_UOP_CACHE_SWITCH_count,             0
ST_BREAK_ICACHE_TO_UOP_CACHE_SWITCH_pct,        0.000
ST_BREAK_ICACHE_TO_UOP_CACHE_SWITCH_total_count,             0
ST_BREAK_ICACHE_TO_UOP_CACHE_SWITCH_total_pct,        0.000

ST_BREAK_ICACHE_MISS_REQ_SUCCESS_count,       3729503
ST_BREAK_ICACHE_MISS_REQ_SUCCESS_pct,        1.182
ST_BREAK_ICACHE_MISS_REQ_SUCCESS_total_count,       4890842
ST_BREAK_ICACHE_MISS_REQ_SUCCESS_total_pct,        1.176

ST_BREAK_ICACHE_MISS_REQ_FAILURE_count,         25734
ST_BREAK_ICACHE_MISS_REQ_FAILURE_pct,        0.008
ST_BREAK_ICACHE_MISS_REQ_FAILURE_total_count,         30463
ST_BREAK_ICACHE_MISS_REQ_FAILURE_total_pct,        0.007

ST_BREAK_WAIT_FOR_MISS_count,     290555670
ST_BREAK_WAIT_FOR_MISS_pct,       92.058
ST_BREAK_WAIT_FOR_MISS_total_count,     377135238
ST_BREAK_WAIT_FOR_MISS_total_pct,       90.652

ST_BREAK_UOP_CACHE_READ_LIMIT_count,             0
ST_BREAK_UOP_CACHE_READ_LIMIT_pct,        0.000
ST_BREAK_UOP_CACHE_READ_LIMIT_total_count,             0
ST_BREAK_UOP_CACHE_READ_LIMIT_total_pct,        0.000

ST_BREAK_UOP_CACHE_READ_LIMIT_AND_ISSUE_WIDTH_count,             0
ST_BREAK_UOP_CACHE_READ_LIMIT_AND_ISSUE_WIDTH_pct,        0.000
ST_BREAK_UOP_CACHE_READ_LIMIT_AND_ISSUE_WIDTH_total_count,             0
ST_BREAK_UOP_CACHE_READ_LIMIT_AND_ISSUE_WIDTH_total_pct,        0.000

ST_BREAK_ICACHE_READ_LIMIT_count,        749972
ST_BREAK_ICACHE_READ_LIMIT_pct,        0.238
ST_BREAK_ICACHE_READ_LIMIT_total_count,       1778241
ST_BREAK_ICACHE_READ_LIMIT_total_pct,        0.427

ST_BREAK_ICACHE_READ_LIMIT_AND_ISSUE_WIDTH_count,        196557
ST_BREAK_ICACHE_READ_LIMIT_AND_ISSUE_WIDTH_pct,        0.062
ST_BREAK_ICACHE_READ_LIMIT_AND_ISSUE_WIDTH_total_count,        437702
ST_BREAK_ICACHE_READ_LIMIT_AND_ISSUE_WIDTH_total_pct,        0.105

ST_BREAK_ISSUE_WIDTH_count,      20366273
ST_BREAK_ISSUE_WIDTH_pct,        6.453
ST_BREAK_ISSUE_WIDTH_total_count,      31730452
ST_BREAK_ISSUE_WIDTH_total_pct,        7.627

ST_BREAK_BARRIERT_count,             0
ST_BREAK_BARRIERT_pct,        0.000
ST_BREAK_BARRIERT_total_count,           486
ST_BREAK_BARRIERT_total_pct,        0.000

ST_BREAK_WAIT_FOR_EMPTY_ROB_count,             0
ST_BREAK_WAIT_FOR_EMPTY_ROB_pct,        0.000
ST_BREAK_WAIT_FOR_EMPTY_ROB_total_count,         20250
ST_BREAK_WAIT_FOR_EMPTY_ROB_total_pct,        0.005

ST_BREAK_APP_EXIT_count,             1
ST_BREAK_APP_EXIT_pct,        0.000
ST_BREAK_APP_EXIT_total_count,             1
ST_BREAK_APP_EXIT_total_pct,        0.000

ST_BREAK_STALL_count,             0
ST_BREAK_STALL_pct,        0.000
ST_BREAK_STALL_total_count,             0
ST_BREAK_STALL_total_pct,        0.000
ST_BREAK_STALL_sum_count,     315623731
ST_BREAK_STALL_sum_pct,      100.000
ST_BREAK_STALL_sum_total_count,     416023696
ST_BREAK_STALL_sum_total_pct,      100.000
ST_BREAK_STALL_mean,         6.31
ST_BREAK_STALL_stddev,         1.26
ST_BREAK_STALL_total_mean,         6.38
ST_BREAK_STALL_total_stddev,         1.37

ORACLE_ON_PATH_INST_count,      16425379
ORACLE_ON_PATH_INST_pct,       14.883
ORACLE_ON_PATH_INST_total_count,      35045103
ORACLE_ON_PATH_INST_total_pct,       20.205

ORACLE_OFF_PATH_INST_count,      93934618
ORACLE_OFF_PATH_INST_pct,       85.117
ORACLE_OFF_PATH_INST_total_count,     138398488
ORACLE_OFF_PATH_INST_total_pct,       79.795
ORACLE_OFF_PATH_INST_sum_count,     110359997
ORACLE_OFF_PATH_INST_sum_pct,      100.000
ORACLE_OFF_PATH_INST_sum_total_count,     173443591
ORACLE_OFF_PATH_INST_sum_total_pct,      100.000
ORACLE_OFF_PATH_INST_mean,         0.85
ORACLE_OFF_PATH_INST_stddev,         0.80
ORACLE_OFF_PATH_INST_total_mean,         0.80
ORACLE_OFF_PATH_INST_total_stddev,         0.74

ORACLE_ON_PATH_INST_MEM_count,       4701894
ORACLE_ON_PATH_INST_MEM_pct,        4.261
ORACLE_ON_PATH_INST_MEM_total_count,      10280950
ORACLE_ON_PATH_INST_MEM_total_pct,        5.928

ORACLE_ON_PATH_INST_NOTMEM_count,      11723485
ORACLE_ON_PATH_INST_NOTMEM_pct,       10.623
ORACLE_ON_PATH_INST_NOTMEM_total_count,      24764153
ORACLE_ON_PATH_INST_NOTMEM_total_pct,       14.278

ORACLE_OFF_PATH_INST_MEM_count,      11437615
ORACLE_OFF_PATH_INST_MEM_pct,       10.364
ORACLE_OFF_PATH_INST_MEM_total_count,      17872106
ORACLE_OFF_PATH_INST_MEM_total_pct,       10.304

ORACLE_OFF_PATH_INST_NOTMEM_count,      82497003
ORACLE_OFF_PATH_INST_NOTMEM_pct,       74.753
ORACLE_OFF_PATH_INST_NOTMEM_total_count,     120526382
ORACLE_OFF_PATH_INST_NOTMEM_total_pct,       69.490
ORACLE_OFF_PATH_INST_NOTMEM_sum_count,     110359997
ORACLE_OFF_PATH_INST_NOTMEM_sum_pct,      100.000
ORACLE_OFF_PATH_INST_NOTMEM_sum_total_count,     173443591
ORACLE_OFF_PATH_INST_NOTMEM_sum_total_pct,      100.000
ORACLE_OFF_PATH_INST_NOTMEM_mean,         2.56
ORACLE_OFF_PATH_INST_NOTMEM_stddev,         2.31
ORACLE_OFF_PATH_INST_NOTMEM_total_mean,         2.43
ORACLE_OFF_PATH_INST_NOTMEM_total_stddev,         2.16

ICACHE_CYCLE_NONRA_ONPATH_count,             0
ICACHE_CYCLE_NONRA_ONPATH_pct,         -nan
ICACHE_CYCLE_NONRA_ONPATH_total_count,             0
ICACHE_CYCLE_NONRA_ONPATH_total_pct,         -nan

ICACHE_CYCLE_NONRA_OFFPATH_count,             0
ICACHE_CYCLE_NONRA_OFFPATH_pct,         -nan
ICACHE_CYCLE_NONRA_OFFPATH_total_count,             0
ICACHE_CYCLE_NONRA_OFFPATH_total_pct,         -nan

ICACHE_CYCLE_RA_ONPATH_count,             0
ICACHE_CYCLE_RA_ONPATH_pct,         -nan
ICACHE_CYCLE_RA_ONPATH_total_count,             0
ICACHE_CYCLE_RA_ONPATH_total_pct,         -nan

ICACHE_CYCLE_RA_OFFPATH_count,             0
ICACHE_CYCLE_RA_OFFPATH_pct,         -nan
ICACHE_CYCLE_RA_OFFPATH_total_count,             0
ICACHE_CYCLE_RA_OFFPATH_total_pct,         -nan
ICACHE_CYCLE_RA_OFFPATH_sum_count,             0
ICACHE_CYCLE_RA_OFFPATH_sum_pct,         -nan
ICACHE_CYCLE_RA_OFFPATH_sum_total_count,             0
ICACHE_CYCLE_RA_OFFPATH_sum_total_pct,         -nan
ICACHE_CYCLE_RA_OFFPATH_mean,         -nan
ICACHE_CYCLE_RA_OFFPATH_stddev,         -nan
ICACHE_CYCLE_RA_OFFPATH_total_mean,         -nan
ICACHE_CYCLE_RA_OFFPATH_total_stddev,         -nan

ICACHE_CYCLE_ONPATH_NONRA_count,             0
ICACHE_CYCLE_ONPATH_NONRA_pct,         -nan
ICACHE_CYCLE_ONPATH_NONRA_total_count,             0
ICACHE_CYCLE_ONPATH_NONRA_total_pct,         -nan

ICACHE_CYCLE_OFFPATH_NONRA_count,             0
ICACHE_CYCLE_OFFPATH_NONRA_pct,         -nan
ICACHE_CYCLE_OFFPATH_NONRA_total_count,             0
ICACHE_CYCLE_OFFPATH_NONRA_total_pct,         -nan
ICACHE_CYCLE_OFFPATH_NONRA_sum_count,             0
ICACHE_CYCLE_OFFPATH_NONRA_sum_pct,         -nan
ICACHE_CYCLE_OFFPATH_NONRA_sum_total_count,             0
ICACHE_CYCLE_OFFPATH_NONRA_sum_total_pct,         -nan
ICACHE_CYCLE_OFFPATH_NONRA_mean,         -nan
ICACHE_CYCLE_OFFPATH_NONRA_stddev,         -nan
ICACHE_CYCLE_OFFPATH_NONRA_total_mean,         -nan
ICACHE_CYCLE_OFFPATH_NONRA_total_stddev,         -nan

ICACHE_CYCLE_ONPATH_RA_count,             0
ICACHE_CYCLE_ONPATH_RA_pct,         -nan
ICACHE_CYCLE_ONPATH_RA_total_count,             0
ICACHE_CYCLE_ONPATH_RA_total_pct,         -nan

ICACHE_CYCLE_OFFPATH_RA_count,             0
ICACHE_CYCLE_OFFPATH_RA_pct,         -nan
ICACHE_CYCLE_OFFPATH_RA_total_count,             0
ICACHE_CYCLE_OFFPATH_RA_total_pct,         -nan
ICACHE_CYCLE_OFFPATH_RA_sum_count,             0
ICACHE_CYCLE_OFFPATH_RA_sum_pct,         -nan
ICACHE_CYCLE_OFFPATH_RA_sum_total_count,             0
ICACHE_CYCLE_OFFPATH_RA_sum_total_pct,         -nan
ICACHE_CYCLE_OFFPATH_RA_mean,         -nan
ICACHE_CYCLE_OFFPATH_RA_stddev,         -nan
ICACHE_CYCLE_OFFPATH_RA_total_mean,         -nan
ICACHE_CYCLE_OFFPATH_RA_total_stddev,         -nan

INACCURATE_OFFPATH_CYCLES_count,             0
INACCURATE_OFFPATH_CYCLES_pct,        0.000
INACCURATE_OFFPATH_CYCLES_total_count,             0
INACCURATE_OFFPATH_CYCLES_total_pct,        0.000

FETCH_ALL_INST_count,     110359997
FETCH_ALL_INST_total_count,     173443591

EXEC_ALL_INST_count,      61240164
EXEC_ALL_INST_total_count,      99824471

RET_ALL_INST_count,      16425380
RET_ALL_INST_total_count,      35045103

EXEC_ON_PATH_INST_count,      16425379
EXEC_ON_PATH_INST_pct,       26.821
EXEC_ON_PATH_INST_total_count,      35045103
EXEC_ON_PATH_INST_total_pct,       35.107

EXEC_OFF_PATH_INST_count,      44814785
EXEC_OFF_PATH_INST_pct,       73.179
EXEC_OFF_PATH_INST_total_count,      64779368
EXEC_OFF_PATH_INST_total_pct,       64.893
EXEC_OFF_PATH_INST_sum_count,      61240164
EXEC_OFF_PATH_INST_sum_pct,      100.000
EXEC_OFF_PATH_INST_sum_total_count,      99824471
EXEC_OFF_PATH_INST_sum_total_pct,      100.000
EXEC_OFF_PATH_INST_mean,         0.73
EXEC_OFF_PATH_INST_stddev,         0.67
EXEC_OFF_PATH_INST_total_mean,         0.65
EXEC_OFF_PATH_INST_total_stddev,         0.59

EXEC_ON_PATH_INST_MEM_count,       4701894
EXEC_ON_PATH_INST_MEM_pct,        7.678
EXEC_ON_PATH_INST_MEM_total_count,      10280950
EXEC_ON_PATH_INST_MEM_total_pct,       10.299

EXEC_ON_PATH_INST_NOTMEM_count,      11723485
EXEC_ON_PATH_INST_NOTMEM_pct,       19.143
EXEC_ON_PATH_INST_NOTMEM_total_count,      24764153
EXEC_ON_PATH_INST_NOTMEM_total_pct,       24.808

EXEC_OFF_PATH_INST_MEM_count,       6942679
EXEC_OFF_PATH_INST_MEM_pct,       11.337
EXEC_OFF_PATH_INST_MEM_total_count,       9843297
EXEC_OFF_PATH_INST_MEM_total_pct,        9.861

EXEC_OFF_PATH_INST_NOTMEM_count,      37872106
EXEC_OFF_PATH_INST_NOTMEM_pct,       61.842
EXEC_OFF_PATH_INST_NOTMEM_total_count,      54936071
EXEC_OFF_PATH_INST_NOTMEM_total_pct,       55.033
EXEC_OFF_PATH_INST_NOTMEM_sum_count,      61240164
EXEC_OFF_PATH_INST_NOTMEM_sum_pct,      100.000
EXEC_OFF_PATH_INST_NOTMEM_sum_total_count,      99824471
EXEC_OFF_PATH_INST_NOTMEM_sum_total_pct,      100.000
EXEC_OFF_PATH_INST_NOTMEM_mean,         2.27
EXEC_OFF_PATH_INST_NOTMEM_stddev,         1.96
EXEC_OFF_PATH_INST_NOTMEM_total_mean,         2.10
EXEC_OFF_PATH_INST_NOTMEM_total_stddev,         1.78

EXEC_RA_INST_count,             0
EXEC_RA_INST_pct,         -nan
EXEC_RA_INST_total_count,             0
EXEC_RA_INST_total_pct,         -nan

EXEC_NONRA_INST_count,             0
EXEC_NONRA_INST_pct,         -nan
EXEC_NONRA_INST_total_count,             0
EXEC_NONRA_INST_total_pct,         -nan
EXEC_NONRA_INST_sum_count,             0
EXEC_NONRA_INST_sum_pct,         -nan
EXEC_NONRA_INST_sum_total_count,             0
EXEC_NONRA_INST_sum_total_pct,         -nan
EXEC_NONRA_INST_mean,         -nan
EXEC_NONRA_INST_stddev,         -nan
EXEC_NONRA_INST_total_mean,         -nan
EXEC_NONRA_INST_total_stddev,         -nan

EXEC_ON_PATH_INST_RA_count,             0
EXEC_ON_PATH_INST_RA_pct,         -nan
EXEC_ON_PATH_INST_RA_total_count,             0
EXEC_ON_PATH_INST_RA_total_pct,         -nan

EXEC_OFF_PATH_INST_RA_count,             0
EXEC_OFF_PATH_INST_RA_pct,         -nan
EXEC_OFF_PATH_INST_RA_total_count,             0
EXEC_OFF_PATH_INST_RA_total_pct,         -nan
EXEC_OFF_PATH_INST_RA_sum_count,             0
EXEC_OFF_PATH_INST_RA_sum_pct,         -nan
EXEC_OFF_PATH_INST_RA_sum_total_count,             0
EXEC_OFF_PATH_INST_RA_sum_total_pct,         -nan
EXEC_OFF_PATH_INST_RA_mean,         -nan
EXEC_OFF_PATH_INST_RA_stddev,         -nan
EXEC_OFF_PATH_INST_RA_total_mean,         -nan
EXEC_OFF_PATH_INST_RA_total_stddev,         -nan

EXEC_ON_PATH_INST_NONRA_count,             0
EXEC_ON_PATH_INST_NONRA_pct,         -nan
EXEC_ON_PATH_INST_NONRA_total_count,             0
EXEC_ON_PATH_INST_NONRA_total_pct,         -nan

EXEC_OFF_PATH_INST_NONRA_count,             0
EXEC_OFF_PATH_INST_NONRA_pct,         -nan
EXEC_OFF_PATH_INST_NONRA_total_count,             0
EXEC_OFF_PATH_INST_NONRA_total_pct,         -nan
EXEC_OFF_PATH_INST_NONRA_sum_count,             0
EXEC_OFF_PATH_INST_NONRA_sum_pct,         -nan
EXEC_OFF_PATH_INST_NONRA_sum_total_count,             0
EXEC_OFF_PATH_INST_NONRA_sum_total_pct,         -nan
EXEC_OFF_PATH_INST_NONRA_mean,         -nan
EXEC_OFF_PATH_INST_NONRA_stddev,         -nan
EXEC_OFF_PATH_INST_NONRA_total_mean,         -nan
EXEC_OFF_PATH_INST_NONRA_total_stddev,         -nan

EXEC_RA_ON_PATH_INST_count,             0
EXEC_RA_ON_PATH_INST_pct,         -nan
EXEC_RA_ON_PATH_INST_total_count,             0
EXEC_RA_ON_PATH_INST_total_pct,         -nan

EXEC_RA_OFF_PATH_INST_count,             0
EXEC_RA_OFF_PATH_INST_pct,         -nan
EXEC_RA_OFF_PATH_INST_total_count,             0
EXEC_RA_OFF_PATH_INST_total_pct,         -nan

EXEC_NONRA_ON_PATH_INST_count,             0
EXEC_NONRA_ON_PATH_INST_pct,         -nan
EXEC_NONRA_ON_PATH_INST_total_count,             0
EXEC_NONRA_ON_PATH_INST_total_pct,         -nan

EXEC_NONRA_OFF_PATH_INST_count,             0
EXEC_NONRA_OFF_PATH_INST_pct,         -nan
EXEC_NONRA_OFF_PATH_INST_total_count,             0
EXEC_NONRA_OFF_PATH_INST_total_pct,         -nan
EXEC_NONRA_OFF_PATH_INST_sum_count,             0
EXEC_NONRA_OFF_PATH_INST_sum_pct,         -nan
EXEC_NONRA_OFF_PATH_INST_sum_total_count,             0
EXEC_NONRA_OFF_PATH_INST_sum_total_pct,         -nan
EXEC_NONRA_OFF_PATH_INST_mean,         -nan
EXEC_NONRA_OFF_PATH_INST_stddev,         -nan
EXEC_NONRA_OFF_PATH_INST_total_mean,         -nan
EXEC_NONRA_OFF_PATH_INST_total_stddev,         -nan

ICACHE_THROTTLE_CYCLE_count,             0
ICACHE_THROTTLE_CYCLE_total_count,             0

FETCH_ENABLE_THROTTLE_OFF_PATH_count,             0
FETCH_ENABLE_THROTTLE_OFF_PATH_pct,         -nan
FETCH_ENABLE_THROTTLE_OFF_PATH_total_count,             0
FETCH_ENABLE_THROTTLE_OFF_PATH_total_pct,         -nan

FETCH_ENABLE_THROTTLE_ON_PATH_count,             0
FETCH_ENABLE_THROTTLE_ON_PATH_pct,         -nan
FETCH_ENABLE_THROTTLE_ON_PATH_total_count,             0
FETCH_ENABLE_THROTTLE_ON_PATH_total_pct,         -nan
FETCH_ENABLE_THROTTLE_ON_PATH_sum_count,             0
FETCH_ENABLE_THROTTLE_ON_PATH_sum_pct,         -nan
FETCH_ENABLE_THROTTLE_ON_PATH_sum_total_count,             0
FETCH_ENABLE_THROTTLE_ON_PATH_sum_total_pct,         -nan
FETCH_ENABLE_THROTTLE_ON_PATH_mean,         -nan
FETCH_ENABLE_THROTTLE_ON_PATH_stddev,         -nan
FETCH_ENABLE_THROTTLE_ON_PATH_total_mean,         -nan
FETCH_ENABLE_THROTTLE_ON_PATH_total_stddev,         -nan

FETCH_DISABLE_THROTTLE_OFF_PATH_count,             0
FETCH_DISABLE_THROTTLE_OFF_PATH_pct,         -nan
FETCH_DISABLE_THROTTLE_OFF_PATH_total_count,             0
FETCH_DISABLE_THROTTLE_OFF_PATH_total_pct,         -nan

FETCH_DISABLE_THROTTLE_ON_PATH_count,             0
FETCH_DISABLE_THROTTLE_ON_PATH_pct,         -nan
FETCH_DISABLE_THROTTLE_ON_PATH_total_count,             0
FETCH_DISABLE_THROTTLE_ON_PATH_total_pct,         -nan
FETCH_DISABLE_THROTTLE_ON_PATH_sum_count,             0
FETCH_DISABLE_THROTTLE_ON_PATH_sum_pct,         -nan
FETCH_DISABLE_THROTTLE_ON_PATH_sum_total_count,             0
FETCH_DISABLE_THROTTLE_ON_PATH_sum_total_pct,         -nan
FETCH_DISABLE_THROTTLE_ON_PATH_mean,         -nan
FETCH_DISABLE_THROTTLE_ON_PATH_stddev,         -nan
FETCH_DISABLE_THROTTLE_ON_PATH_total_mean,         -nan
FETCH_DISABLE_THROTTLE_ON_PATH_total_stddev,         -nan

FETCH_TH_ADJUST__0_count,             0
FETCH_TH_ADJUST__0_pct,         -nan
FETCH_TH_ADJUST__0_total_count,             0
FETCH_TH_ADJUST__0_total_pct,         -nan

FETCH_TH_ADJUST__1_count,             0
FETCH_TH_ADJUST__1_pct,         -nan
FETCH_TH_ADJUST__1_total_count,             0
FETCH_TH_ADJUST__1_total_pct,         -nan

FETCH_TH_ADJUST__2_count,             0
FETCH_TH_ADJUST__2_pct,         -nan
FETCH_TH_ADJUST__2_total_count,             0
FETCH_TH_ADJUST__2_total_pct,         -nan

FETCH_TH_ADJUST__3_count,             0
FETCH_TH_ADJUST__3_pct,         -nan
FETCH_TH_ADJUST__3_total_count,             0
FETCH_TH_ADJUST__3_total_pct,         -nan

FETCH_TH_ADJUST__4_count,             0
FETCH_TH_ADJUST__4_pct,         -nan
FETCH_TH_ADJUST__4_total_count,             0
FETCH_TH_ADJUST__4_total_pct,         -nan

FETCH_TH_ADJUST__5_count,             0
FETCH_TH_ADJUST__5_pct,         -nan
FETCH_TH_ADJUST__5_total_count,             0
FETCH_TH_ADJUST__5_total_pct,         -nan

FETCH_TH_ADJUST__6_count,             0
FETCH_TH_ADJUST__6_pct,         -nan
FETCH_TH_ADJUST__6_total_count,             0
FETCH_TH_ADJUST__6_total_pct,         -nan

FETCH_TH_ADJUST__7_count,             0
FETCH_TH_ADJUST__7_pct,         -nan
FETCH_TH_ADJUST__7_total_count,             0
FETCH_TH_ADJUST__7_total_pct,         -nan

FETCH_TH_ADJUST__8_count,             0
FETCH_TH_ADJUST__8_pct,         -nan
FETCH_TH_ADJUST__8_total_count,             0
FETCH_TH_ADJUST__8_total_pct,         -nan

FETCH_TH_ADJUST__9_count,             0
FETCH_TH_ADJUST__9_pct,         -nan
FETCH_TH_ADJUST__9_total_count,             0
FETCH_TH_ADJUST__9_total_pct,         -nan

FETCH_TH_ADJUST__MAX_count,             0
FETCH_TH_ADJUST__MAX_pct,         -nan
FETCH_TH_ADJUST__MAX_total_count,             0
FETCH_TH_ADJUST__MAX_total_pct,         -nan
FETCH_TH_ADJUST__MAX_sum_count,             0
FETCH_TH_ADJUST__MAX_sum_pct,         -nan
FETCH_TH_ADJUST__MAX_sum_total_count,             0
FETCH_TH_ADJUST__MAX_sum_total_pct,         -nan
FETCH_TH_ADJUST__MAX_mean,         -nan
FETCH_TH_ADJUST__MAX_stddev,         -nan
FETCH_TH_ADJUST__MAX_total_mean,         -nan
FETCH_TH_ADJUST__MAX_total_stddev,         -nan

FETCH_TH_ADJUST_UP_count,             0
FETCH_TH_ADJUST_UP_pct,         -nan
FETCH_TH_ADJUST_UP_total_count,             0
FETCH_TH_ADJUST_UP_total_pct,         -nan

FETCH_TH_ADJUST_DOWN_count,             0
FETCH_TH_ADJUST_DOWN_pct,         -nan
FETCH_TH_ADJUST_DOWN_total_count,             0
FETCH_TH_ADJUST_DOWN_total_pct,         -nan

FETCH_TH_ADJUST_SAME_count,             0
FETCH_TH_ADJUST_SAME_pct,         -nan
FETCH_TH_ADJUST_SAME_total_count,             0
FETCH_TH_ADJUST_SAME_total_pct,         -nan
FETCH_TH_ADJUST_SAME_sum_count,             0
FETCH_TH_ADJUST_SAME_sum_pct,         -nan
FETCH_TH_ADJUST_SAME_sum_total_count,             0
FETCH_TH_ADJUST_SAME_sum_total_pct,         -nan
FETCH_TH_ADJUST_SAME_mean,         -nan
FETCH_TH_ADJUST_SAME_stddev,         -nan
FETCH_TH_ADJUST_SAME_total_mean,         -nan
FETCH_TH_ADJUST_SAME_total_stddev,         -nan

THROTTLE_ADJUST_CACHE_MISS_INFO_count,             0
THROTTLE_ADJUST_CACHE_MISS_INFO_total_count,             0

LOW_CONF_COUNT_BP_MIS_0_count,             0
LOW_CONF_COUNT_BP_MIS_0_pct,         -nan
LOW_CONF_COUNT_BP_MIS_0_total_count,             0
LOW_CONF_COUNT_BP_MIS_0_total_pct,         -nan

LOW_CONF_COUNT_BP_MIS_1_count,             0
LOW_CONF_COUNT_BP_MIS_1_pct,         -nan
LOW_CONF_COUNT_BP_MIS_1_total_count,             0
LOW_CONF_COUNT_BP_MIS_1_total_pct,         -nan

LOW_CONF_COUNT_BP_MIS_2_count,             0
LOW_CONF_COUNT_BP_MIS_2_pct,         -nan
LOW_CONF_COUNT_BP_MIS_2_total_count,             0
LOW_CONF_COUNT_BP_MIS_2_total_pct,         -nan

LOW_CONF_COUNT_BP_MIS_3_count,             0
LOW_CONF_COUNT_BP_MIS_3_pct,         -nan
LOW_CONF_COUNT_BP_MIS_3_total_count,             0
LOW_CONF_COUNT_BP_MIS_3_total_pct,         -nan

LOW_CONF_COUNT_BP_MIS_4_count,             0
LOW_CONF_COUNT_BP_MIS_4_pct,         -nan
LOW_CONF_COUNT_BP_MIS_4_total_count,             0
LOW_CONF_COUNT_BP_MIS_4_total_pct,         -nan

LOW_CONF_COUNT_BP_MIS_5_count,             0
LOW_CONF_COUNT_BP_MIS_5_pct,         -nan
LOW_CONF_COUNT_BP_MIS_5_total_count,             0
LOW_CONF_COUNT_BP_MIS_5_total_pct,         -nan

LOW_CONF_COUNT_BP_MIS_6_count,             0
LOW_CONF_COUNT_BP_MIS_6_pct,         -nan
LOW_CONF_COUNT_BP_MIS_6_total_count,             0
LOW_CONF_COUNT_BP_MIS_6_total_pct,         -nan

LOW_CONF_COUNT_BP_MIS_7_count,             0
LOW_CONF_COUNT_BP_MIS_7_pct,         -nan
LOW_CONF_COUNT_BP_MIS_7_total_count,             0
LOW_CONF_COUNT_BP_MIS_7_total_pct,         -nan

LOW_CONF_COUNT_BP_MIS_8_count,             0
LOW_CONF_COUNT_BP_MIS_8_pct,         -nan
LOW_CONF_COUNT_BP_MIS_8_total_count,             0
LOW_CONF_COUNT_BP_MIS_8_total_pct,         -nan

LOW_CONF_COUNT_BP_MIS_9_count,             0
LOW_CONF_COUNT_BP_MIS_9_pct,         -nan
LOW_CONF_COUNT_BP_MIS_9_total_count,             0
LOW_CONF_COUNT_BP_MIS_9_total_pct,         -nan

LOW_CONF_COUNT_BP_MIS_10_count,             0
LOW_CONF_COUNT_BP_MIS_10_pct,         -nan
LOW_CONF_COUNT_BP_MIS_10_total_count,             0
LOW_CONF_COUNT_BP_MIS_10_total_pct,         -nan

LOW_CONF_COUNT_BP_MIS_11_count,             0
LOW_CONF_COUNT_BP_MIS_11_pct,         -nan
LOW_CONF_COUNT_BP_MIS_11_total_count,             0
LOW_CONF_COUNT_BP_MIS_11_total_pct,         -nan

LOW_CONF_COUNT_BP_MIS_12_count,             0
LOW_CONF_COUNT_BP_MIS_12_pct,         -nan
LOW_CONF_COUNT_BP_MIS_12_total_count,             0
LOW_CONF_COUNT_BP_MIS_12_total_pct,         -nan

LOW_CONF_COUNT_BP_MIS_13_count,             0
LOW_CONF_COUNT_BP_MIS_13_pct,         -nan
LOW_CONF_COUNT_BP_MIS_13_total_count,             0
LOW_CONF_COUNT_BP_MIS_13_total_pct,         -nan

LOW_CONF_COUNT_BP_MIS_14_count,             0
LOW_CONF_COUNT_BP_MIS_14_pct,         -nan
LOW_CONF_COUNT_BP_MIS_14_total_count,             0
LOW_CONF_COUNT_BP_MIS_14_total_pct,         -nan

LOW_CONF_COUNT_BP_MIS_15_count,             0
LOW_CONF_COUNT_BP_MIS_15_pct,         -nan
LOW_CONF_COUNT_BP_MIS_15_total_count,             0
LOW_CONF_COUNT_BP_MIS_15_total_pct,         -nan

LOW_CONF_COUNT_BP_MIS_16_count,             0
LOW_CONF_COUNT_BP_MIS_16_pct,         -nan
LOW_CONF_COUNT_BP_MIS_16_total_count,             0
LOW_CONF_COUNT_BP_MIS_16_total_pct,         -nan

LOW_CONF_COUNT_BP_MIS_17_count,             0
LOW_CONF_COUNT_BP_MIS_17_pct,         -nan
LOW_CONF_COUNT_BP_MIS_17_total_count,             0
LOW_CONF_COUNT_BP_MIS_17_total_pct,         -nan

LOW_CONF_COUNT_BP_MIS_18_count,             0
LOW_CONF_COUNT_BP_MIS_18_pct,         -nan
LOW_CONF_COUNT_BP_MIS_18_total_count,             0
LOW_CONF_COUNT_BP_MIS_18_total_pct,         -nan

LOW_CONF_COUNT_BP_MIS_19_count,             0
LOW_CONF_COUNT_BP_MIS_19_pct,         -nan
LOW_CONF_COUNT_BP_MIS_19_total_count,             0
LOW_CONF_COUNT_BP_MIS_19_total_pct,         -nan

LOW_CONF_COUNT_BP_MIS_20_count,             0
LOW_CONF_COUNT_BP_MIS_20_pct,         -nan
LOW_CONF_COUNT_BP_MIS_20_total_count,             0
LOW_CONF_COUNT_BP_MIS_20_total_pct,         -nan
LOW_CONF_COUNT_BP_MIS_20_sum_count,             0
LOW_CONF_COUNT_BP_MIS_20_sum_pct,         -nan
LOW_CONF_COUNT_BP_MIS_20_sum_total_count,             0
LOW_CONF_COUNT_BP_MIS_20_sum_total_pct,         -nan
LOW_CONF_COUNT_BP_MIS_20_mean,         -nan
LOW_CONF_COUNT_BP_MIS_20_stddev,         -nan
LOW_CONF_COUNT_BP_MIS_20_total_mean,         -nan
LOW_CONF_COUNT_BP_MIS_20_total_stddev,         -nan

LOW_CONF_COUNT_RET_0_count,             0
LOW_CONF_COUNT_RET_0_pct,         -nan
LOW_CONF_COUNT_RET_0_total_count,             0
LOW_CONF_COUNT_RET_0_total_pct,         -nan

LOW_CONF_COUNT_RET_1_count,             0
LOW_CONF_COUNT_RET_1_pct,         -nan
LOW_CONF_COUNT_RET_1_total_count,             0
LOW_CONF_COUNT_RET_1_total_pct,         -nan

LOW_CONF_COUNT_RET_2_count,             0
LOW_CONF_COUNT_RET_2_pct,         -nan
LOW_CONF_COUNT_RET_2_total_count,             0
LOW_CONF_COUNT_RET_2_total_pct,         -nan

LOW_CONF_COUNT_RET_3_count,             0
LOW_CONF_COUNT_RET_3_pct,         -nan
LOW_CONF_COUNT_RET_3_total_count,             0
LOW_CONF_COUNT_RET_3_total_pct,         -nan

LOW_CONF_COUNT_RET_4_count,             0
LOW_CONF_COUNT_RET_4_pct,         -nan
LOW_CONF_COUNT_RET_4_total_count,             0
LOW_CONF_COUNT_RET_4_total_pct,         -nan

LOW_CONF_COUNT_RET_5_count,             0
LOW_CONF_COUNT_RET_5_pct,         -nan
LOW_CONF_COUNT_RET_5_total_count,             0
LOW_CONF_COUNT_RET_5_total_pct,         -nan

LOW_CONF_COUNT_RET_6_count,             0
LOW_CONF_COUNT_RET_6_pct,         -nan
LOW_CONF_COUNT_RET_6_total_count,             0
LOW_CONF_COUNT_RET_6_total_pct,         -nan

LOW_CONF_COUNT_RET_7_count,             0
LOW_CONF_COUNT_RET_7_pct,         -nan
LOW_CONF_COUNT_RET_7_total_count,             0
LOW_CONF_COUNT_RET_7_total_pct,         -nan

LOW_CONF_COUNT_RET_8_count,             0
LOW_CONF_COUNT_RET_8_pct,         -nan
LOW_CONF_COUNT_RET_8_total_count,             0
LOW_CONF_COUNT_RET_8_total_pct,         -nan

LOW_CONF_COUNT_RET_9_count,             0
LOW_CONF_COUNT_RET_9_pct,         -nan
LOW_CONF_COUNT_RET_9_total_count,             0
LOW_CONF_COUNT_RET_9_total_pct,         -nan

LOW_CONF_COUNT_RET_10_count,             0
LOW_CONF_COUNT_RET_10_pct,         -nan
LOW_CONF_COUNT_RET_10_total_count,             0
LOW_CONF_COUNT_RET_10_total_pct,         -nan

LOW_CONF_COUNT_RET_11_count,             0
LOW_CONF_COUNT_RET_11_pct,         -nan
LOW_CONF_COUNT_RET_11_total_count,             0
LOW_CONF_COUNT_RET_11_total_pct,         -nan

LOW_CONF_COUNT_RET_12_count,             0
LOW_CONF_COUNT_RET_12_pct,         -nan
LOW_CONF_COUNT_RET_12_total_count,             0
LOW_CONF_COUNT_RET_12_total_pct,         -nan

LOW_CONF_COUNT_RET_13_count,             0
LOW_CONF_COUNT_RET_13_pct,         -nan
LOW_CONF_COUNT_RET_13_total_count,             0
LOW_CONF_COUNT_RET_13_total_pct,         -nan

LOW_CONF_COUNT_RET_14_count,             0
LOW_CONF_COUNT_RET_14_pct,         -nan
LOW_CONF_COUNT_RET_14_total_count,             0
LOW_CONF_COUNT_RET_14_total_pct,         -nan

LOW_CONF_COUNT_RET_15_count,             0
LOW_CONF_COUNT_RET_15_pct,         -nan
LOW_CONF_COUNT_RET_15_total_count,             0
LOW_CONF_COUNT_RET_15_total_pct,         -nan

LOW_CONF_COUNT_RET_16_count,             0
LOW_CONF_COUNT_RET_16_pct,         -nan
LOW_CONF_COUNT_RET_16_total_count,             0
LOW_CONF_COUNT_RET_16_total_pct,         -nan

LOW_CONF_COUNT_RET_17_count,             0
LOW_CONF_COUNT_RET_17_pct,         -nan
LOW_CONF_COUNT_RET_17_total_count,             0
LOW_CONF_COUNT_RET_17_total_pct,         -nan

LOW_CONF_COUNT_RET_18_count,             0
LOW_CONF_COUNT_RET_18_pct,         -nan
LOW_CONF_COUNT_RET_18_total_count,             0
LOW_CONF_COUNT_RET_18_total_pct,         -nan

LOW_CONF_COUNT_RET_19_count,             0
LOW_CONF_COUNT_RET_19_pct,         -nan
LOW_CONF_COUNT_RET_19_total_count,             0
LOW_CONF_COUNT_RET_19_total_pct,         -nan

LOW_CONF_COUNT_RET_20_count,             0
LOW_CONF_COUNT_RET_20_pct,         -nan
LOW_CONF_COUNT_RET_20_total_count,             0
LOW_CONF_COUNT_RET_20_total_pct,         -nan
LOW_CONF_COUNT_RET_20_sum_count,             0
LOW_CONF_COUNT_RET_20_sum_pct,         -nan
LOW_CONF_COUNT_RET_20_sum_total_count,             0
LOW_CONF_COUNT_RET_20_sum_total_pct,         -nan
LOW_CONF_COUNT_RET_20_mean,         -nan
LOW_CONF_COUNT_RET_20_stddev,         -nan
LOW_CONF_COUNT_RET_20_total_mean,         -nan
LOW_CONF_COUNT_RET_20_total_stddev,         -nan

CYCLES_RESTEER_MISPRED_count,             0
CYCLES_RESTEER_MISPRED_pct,         -nan
CYCLES_RESTEER_MISPRED_total_count,             0
CYCLES_RESTEER_MISPRED_total_pct,         -nan

CYCLES_RESTEER_MISFETCH_count,             0
CYCLES_RESTEER_MISFETCH_pct,         -nan
CYCLES_RESTEER_MISFETCH_total_count,             0
CYCLES_RESTEER_MISFETCH_total_pct,         -nan

CYCLES_RESTEER_BTB_MISS_count,             0
CYCLES_RESTEER_BTB_MISS_pct,         -nan
CYCLES_RESTEER_BTB_MISS_total_count,             0
CYCLES_RESTEER_BTB_MISS_total_pct,         -nan
CYCLES_RESTEER_BTB_MISS_sum_count,             0
CYCLES_RESTEER_BTB_MISS_sum_pct,         -nan
CYCLES_RESTEER_BTB_MISS_sum_total_count,             0
CYCLES_RESTEER_BTB_MISS_sum_total_pct,         -nan
CYCLES_RESTEER_BTB_MISS_mean,         -nan
CYCLES_RESTEER_BTB_MISS_stddev,         -nan
CYCLES_RESTEER_BTB_MISS_total_mean,         -nan
CYCLES_RESTEER_BTB_MISS_total_stddev,         -nan

CYCLES_RESTEER_MISPRED_SAVED_UC_FETCH_count,             0
CYCLES_RESTEER_MISPRED_SAVED_UC_FETCH_pct,         -nan
CYCLES_RESTEER_MISPRED_SAVED_UC_FETCH_total_count,             0
CYCLES_RESTEER_MISPRED_SAVED_UC_FETCH_total_pct,         -nan

CYCLES_RESTEER_MISPRED_COULD_BE_SAVED_UC_FETCH_count,             0
CYCLES_RESTEER_MISPRED_COULD_BE_SAVED_UC_FETCH_pct,         -nan
CYCLES_RESTEER_MISPRED_COULD_BE_SAVED_UC_FETCH_total_count,             0
CYCLES_RESTEER_MISPRED_COULD_BE_SAVED_UC_FETCH_total_pct,         -nan

CYCLES_RESTEER_MISFETCH_SAVED_UC_FETCH_count,             0
CYCLES_RESTEER_MISFETCH_SAVED_UC_FETCH_pct,         -nan
CYCLES_RESTEER_MISFETCH_SAVED_UC_FETCH_total_count,             0
CYCLES_RESTEER_MISFETCH_SAVED_UC_FETCH_total_pct,         -nan

CYCLES_RESTEER_MISFETCH_COULD_BE_SAVED_UC_FETCH_count,             0
CYCLES_RESTEER_MISFETCH_COULD_BE_SAVED_UC_FETCH_pct,         -nan
CYCLES_RESTEER_MISFETCH_COULD_BE_SAVED_UC_FETCH_total_count,             0
CYCLES_RESTEER_MISFETCH_COULD_BE_SAVED_UC_FETCH_total_pct,         -nan

CYCLES_RESTEER_BTB_MISS_SAVED_UC_FETCH_count,             0
CYCLES_RESTEER_BTB_MISS_SAVED_UC_FETCH_pct,         -nan
CYCLES_RESTEER_BTB_MISS_SAVED_UC_FETCH_total_count,             0
CYCLES_RESTEER_BTB_MISS_SAVED_UC_FETCH_total_pct,         -nan

CYCLES_RESTEER_BTB_MISS_COULD_BE_SAVED_UC_FETCH_count,             0
CYCLES_RESTEER_BTB_MISS_COULD_BE_SAVED_UC_FETCH_pct,         -nan
CYCLES_RESTEER_BTB_MISS_COULD_BE_SAVED_UC_FETCH_total_count,             0
CYCLES_RESTEER_BTB_MISS_COULD_BE_SAVED_UC_FETCH_total_pct,         -nan
CYCLES_RESTEER_BTB_MISS_COULD_BE_SAVED_UC_FETCH_sum_count,             0
CYCLES_RESTEER_BTB_MISS_COULD_BE_SAVED_UC_FETCH_sum_pct,         -nan
CYCLES_RESTEER_BTB_MISS_COULD_BE_SAVED_UC_FETCH_sum_total_count,             0
CYCLES_RESTEER_BTB_MISS_COULD_BE_SAVED_UC_FETCH_sum_total_pct,         -nan
CYCLES_RESTEER_BTB_MISS_COULD_BE_SAVED_UC_FETCH_mean,         -nan
CYCLES_RESTEER_BTB_MISS_COULD_BE_SAVED_UC_FETCH_stddev,         -nan
CYCLES_RESTEER_BTB_MISS_COULD_BE_SAVED_UC_FETCH_total_mean,         -nan
CYCLES_RESTEER_BTB_MISS_COULD_BE_SAVED_UC_FETCH_total_stddev,         -nan

CYCLES_UOC_IC_SWITCH_count,             0
CYCLES_UOC_IC_SWITCH_total_count,             0



